AoA,Induced Drag,Drag,Lift,Efficiency,,,
0,4.78E+04,6.56E+04,6.53E+05,1.51E-01,,,
2,81398.72647,100955.6223,1173368.766,0.28611443,,,
4,110867.4649,133473.6869,1784281.818,0.485847432,,,
6,187373.213,214213.9536,2182056.455,0.430159153,,,
8,200353.9134,231710.3472,2479028.797,0.51947426,,,
10,358953.6334,397780.6217,3230582.222,0.492649238,,,
